y,u(n0.5) sim,u(n1) sim,u(n1.5) sim,u(n0.5) an,u(n1) an,u(n1.5) an
0,-1,-1,-1,-1,-1,-1
0.001,-1,-1,-1,-0.998,-0.998,-0.998
0.002,-0.996,-0.996,-0.996,-0.996,-0.996,-0.996
0.003,-0.994,-0.994,-0.994,-0.994,-0.994,-0.994
0.004,-0.992,-0.992,-0.992,-0.992,-0.992,-0.992
0.005,-0.99,-0.99,-0.99,-0.99,-0.99,-0.99
0.006,-0.988,-0.988,-0.988,-0.988,-0.988,-0.988
0.007,-0.986,-0.986,-0.986,-0.986,-0.986,-0.986
0.008,-0.984,-0.984,-0.984,-0.984,-0.984,-0.984
0.009,-0.982,-0.982,-0.982,-0.982,-0.982,-0.982
0.01,-0.98,-0.98,-0.98,-0.98,-0.98,-0.98
0.011,-0.978,-0.978,-0.978,-0.978,-0.978,-0.978
0.012,-0.976,-0.976,-0.976,-0.976,-0.976,-0.976
0.013,-0.974,-0.974,-0.974,-0.974,-0.974,-0.974
0.014,-0.972,-0.972,-0.972,-0.972,-0.972,-0.972
0.015,-0.97,-0.97,-0.97,-0.97,-0.97,-0.97
0.016,-0.968,-0.968,-0.968,-0.968,-0.968,-0.968
0.017,-0.966,-0.966,-0.966,-0.966,-0.966,-0.966
0.018,-0.964,-0.964,-0.964,-0.964,-0.964,-0.964
0.019,-0.962,-0.962,-0.962,-0.962,-0.962,-0.962
0.02,-0.96,-0.96,-0.96,-0.96,-0.96,-0.96
0.021,-0.958,-0.958,-0.958,-0.958,-0.958,-0.958
0.022,-0.956,-0.956,-0.956,-0.956,-0.956,-0.956
0.023,-0.954,-0.954,-0.954,-0.954,-0.954,-0.954
0.024,-0.952,-0.952,-0.952,-0.952,-0.952,-0.952
0.025,-0.95,-0.95,-0.95,-0.95,-0.95,-0.95
0.026,-0.948,-0.948,-0.948,-0.948,-0.948,-0.948
0.027,-0.946,-0.946,-0.946,-0.946,-0.946,-0.946
0.028,-0.944,-0.944,-0.944,-0.944,-0.944,-0.944
0.029,-0.942,-0.942,-0.942,-0.942,-0.942,-0.942
0.03,-0.94,-0.94,-0.94,-0.94,-0.94,-0.94
0.031,-0.938,-0.938,-0.938,-0.938,-0.938,-0.938
0.032,-0.936,-0.936,-0.936,-0.936,-0.936,-0.936
0.033,-0.934,-0.934,-0.934,-0.934,-0.934,-0.934
0.034,-0.932,-0.932,-0.932,-0.932,-0.932,-0.932
0.035,-0.93,-0.93,-0.93,-0.93,-0.93,-0.93
0.036,-0.928,-0.928,-0.928,-0.928,-0.928,-0.928
0.037,-0.926,-0.926,-0.926,-0.926,-0.926,-0.926
0.038,-0.924,-0.924,-0.924,-0.924,-0.924,-0.924
0.039,-0.922,-0.922,-0.922,-0.922,-0.922,-0.922
0.04,-0.92,-0.92,-0.92,-0.92,-0.92,-0.92
0.041,-0.918,-0.918,-0.918,-0.918,-0.918,-0.918
0.042,-0.916,-0.916,-0.916,-0.916,-0.916,-0.916
0.043,-0.914,-0.914,-0.914,-0.914,-0.914,-0.914
0.044,-0.912,-0.912,-0.912,-0.912,-0.912,-0.912
0.045,-0.91,-0.91,-0.91,-0.91,-0.91,-0.91
0.046,-0.908,-0.908,-0.908,-0.908,-0.908,-0.908
0.047,-0.906,-0.906,-0.906,-0.906,-0.906,-0.906
0.048,-0.904,-0.904,-0.904,-0.904,-0.904,-0.904
0.049,-0.902,-0.902,-0.902,-0.902,-0.902,-0.902
0.05,-0.9,-0.9,-0.9,-0.9,-0.9,-0.9
0.051,-0.898,-0.898,-0.898,-0.898,-0.898,-0.898
0.052,-0.896,-0.896,-0.896,-0.896,-0.896,-0.896
0.053,-0.894,-0.894,-0.894,-0.894,-0.894,-0.894
0.054,-0.892,-0.892,-0.892,-0.892,-0.892,-0.892
0.055,-0.89,-0.89,-0.89,-0.89,-0.89,-0.89
0.056,-0.888,-0.888,-0.888,-0.888,-0.888,-0.888
0.057,-0.886,-0.886,-0.886,-0.886,-0.886,-0.886
0.058,-0.884,-0.884,-0.884,-0.884,-0.884,-0.884
0.059,-0.882,-0.882,-0.882,-0.882,-0.882,-0.882
0.06,-0.88,-0.88,-0.88,-0.88,-0.88,-0.88
0.061,-0.878,-0.878,-0.878,-0.878,-0.878,-0.878
0.062,-0.876,-0.876,-0.876,-0.876,-0.876,-0.876
0.063,-0.874,-0.874,-0.874,-0.874,-0.874,-0.874
0.064,-0.872,-0.872,-0.872,-0.872,-0.872,-0.872
0.065,-0.87,-0.87,-0.87,-0.87,-0.87,-0.87
0.066,-0.868,-0.868,-0.868,-0.868,-0.868,-0.868
0.067,-0.866,-0.866,-0.866,-0.866,-0.866,-0.866
0.068,-0.864,-0.864,-0.864,-0.864,-0.864,-0.864
0.069,-0.862,-0.862,-0.862,-0.862,-0.862,-0.862
0.07,-0.86,-0.86,-0.86,-0.86,-0.86,-0.86
0.071,-0.858,-0.858,-0.858,-0.858,-0.858,-0.858
0.072,-0.856,-0.856,-0.856,-0.856,-0.856,-0.856
0.073,-0.854,-0.854,-0.854,-0.854,-0.854,-0.854
0.074,-0.852,-0.852,-0.852,-0.852,-0.852,-0.852
0.075,-0.85,-0.85,-0.85,-0.85,-0.85,-0.85
0.076,-0.848,-0.848,-0.848,-0.848,-0.848,-0.848
0.077,-0.846,-0.846,-0.846,-0.846,-0.846,-0.846
0.078,-0.844,-0.844,-0.844,-0.844,-0.844,-0.844
0.079,-0.842,-0.842,-0.842,-0.842,-0.842,-0.842
0.08,-0.84,-0.84,-0.84,-0.84,-0.84,-0.84
0.081,-0.838,-0.838,-0.838,-0.838,-0.838,-0.838
0.082,-0.836,-0.836,-0.836,-0.836,-0.836,-0.836
0.083,-0.834,-0.834,-0.834,-0.834,-0.834,-0.834
0.084,-0.832,-0.832,-0.832,-0.832,-0.832,-0.832
0.085,-0.83,-0.83,-0.83,-0.83,-0.83,-0.83
0.086,-0.828,-0.828,-0.828,-0.828,-0.828,-0.828
0.087,-0.826,-0.826,-0.826,-0.826,-0.826,-0.826
0.088,-0.824,-0.824,-0.824,-0.824,-0.824,-0.824
0.089,-0.822,-0.822,-0.822,-0.822,-0.822,-0.822
0.09,-0.82,-0.82,-0.82,-0.82,-0.82,-0.82
0.091,-0.818,-0.818,-0.818,-0.818,-0.818,-0.818
0.092,-0.816,-0.816,-0.816,-0.816,-0.816,-0.816
0.093,-0.814,-0.814,-0.814,-0.814,-0.814,-0.814
0.094,-0.812,-0.812,-0.812,-0.812,-0.812,-0.812
0.095,-0.81,-0.81,-0.81,-0.81,-0.81,-0.81
0.096,-0.808,-0.808,-0.808,-0.808,-0.808,-0.808
0.097,-0.806,-0.806,-0.806,-0.806,-0.806,-0.806
0.098,-0.804,-0.804,-0.804,-0.804,-0.804,-0.804
0.099,-0.802,-0.802,-0.802,-0.802,-0.802,-0.802
0.1,-0.8,-0.8,-0.8,-0.8,-0.8,-0.8
0.101,-0.798,-0.798,-0.798,-0.798,-0.798,-0.798
0.102,-0.796,-0.796,-0.796,-0.796,-0.796,-0.796
0.103,-0.794,-0.794,-0.794,-0.794,-0.794,-0.794
0.104,-0.792,-0.792,-0.792,-0.792,-0.792,-0.792
0.105,-0.79,-0.79,-0.79,-0.79,-0.79,-0.79
0.106,-0.788,-0.788,-0.788,-0.788,-0.788,-0.788
0.107,-0.786,-0.786,-0.786,-0.786,-0.786,-0.786
0.108,-0.784,-0.784,-0.784,-0.784,-0.784,-0.784
0.109,-0.782,-0.782,-0.782,-0.782,-0.782,-0.782
0.11,-0.78,-0.78,-0.78,-0.78,-0.78,-0.78
0.111,-0.778,-0.778,-0.778,-0.778,-0.778,-0.778
0.112,-0.776,-0.776,-0.776,-0.776,-0.776,-0.776
0.113,-0.774,-0.774,-0.774,-0.774,-0.774,-0.774
0.114,-0.772,-0.772,-0.772,-0.772,-0.772,-0.772
0.115,-0.77,-0.77,-0.77,-0.77,-0.77,-0.77
0.116,-0.768,-0.768,-0.768,-0.768,-0.768,-0.768
0.117,-0.766,-0.766,-0.766,-0.766,-0.766,-0.766
0.118,-0.764,-0.764,-0.764,-0.764,-0.764,-0.764
0.119,-0.762,-0.762,-0.762,-0.762,-0.762,-0.762
0.12,-0.76,-0.76,-0.76,-0.76,-0.76,-0.76
0.121,-0.758,-0.758,-0.758,-0.758,-0.758,-0.758
0.122,-0.756,-0.756,-0.756,-0.756,-0.756,-0.756
0.123,-0.754,-0.754,-0.754,-0.754,-0.754,-0.754
0.124,-0.752,-0.752,-0.752,-0.752,-0.752,-0.752
0.125,-0.75,-0.75,-0.75,-0.75,-0.75,-0.75
0.126,-0.748,-0.748,-0.748,-0.748,-0.748,-0.748
0.127,-0.746,-0.746,-0.746,-0.746,-0.746,-0.746
0.128,-0.744,-0.744,-0.744,-0.744,-0.744,-0.744
0.129,-0.742,-0.742,-0.742,-0.742,-0.742,-0.742
0.13,-0.74,-0.74,-0.74,-0.74,-0.74,-0.74
0.131,-0.738,-0.738,-0.738,-0.738,-0.738,-0.738
0.132,-0.736,-0.736,-0.736,-0.736,-0.736,-0.736
0.133,-0.734,-0.734,-0.734,-0.734,-0.734,-0.734
0.134,-0.732,-0.732,-0.732,-0.732,-0.732,-0.732
0.135,-0.73,-0.73,-0.73,-0.73,-0.73,-0.73
0.136,-0.728,-0.728,-0.728,-0.728,-0.728,-0.728
0.137,-0.726,-0.726,-0.726,-0.726,-0.726,-0.726
0.138,-0.724,-0.724,-0.724,-0.724,-0.724,-0.724
0.139,-0.722,-0.722,-0.722,-0.722,-0.722,-0.722
0.14,-0.72,-0.72,-0.72,-0.72,-0.72,-0.72
0.141,-0.718,-0.718,-0.718,-0.718,-0.718,-0.718
0.142,-0.716,-0.716,-0.716,-0.716,-0.716,-0.716
0.143,-0.714,-0.714,-0.714,-0.714,-0.714,-0.714
0.144,-0.712,-0.712,-0.712,-0.712,-0.712,-0.712
0.145,-0.71,-0.71,-0.71,-0.71,-0.71,-0.71
0.146,-0.708,-0.708,-0.708,-0.708,-0.708,-0.708
0.147,-0.706,-0.706,-0.706,-0.706,-0.706,-0.706
0.148,-0.704,-0.704,-0.704,-0.704,-0.704,-0.704
0.149,-0.702,-0.702,-0.702,-0.702,-0.702,-0.702
0.15,-0.7,-0.7,-0.7,-0.7,-0.7,-0.7
0.151,-0.698,-0.698,-0.698,-0.698,-0.698,-0.698
0.152,-0.696,-0.696,-0.696,-0.696,-0.696,-0.696
0.153,-0.694,-0.694,-0.694,-0.694,-0.694,-0.694
0.154,-0.692,-0.692,-0.692,-0.692,-0.692,-0.692
0.155,-0.69,-0.69,-0.69,-0.69,-0.69,-0.69
0.156,-0.688,-0.688,-0.688,-0.688,-0.688,-0.688
0.157,-0.686,-0.686,-0.686,-0.686,-0.686,-0.686
0.158,-0.684,-0.684,-0.684,-0.684,-0.684,-0.684
0.159,-0.682,-0.682,-0.682,-0.682,-0.682,-0.682
0.16,-0.68,-0.68,-0.68,-0.68,-0.68,-0.68
0.161,-0.678,-0.678,-0.678,-0.678,-0.678,-0.678
0.162,-0.676,-0.676,-0.676,-0.676,-0.676,-0.676
0.163,-0.674,-0.674,-0.674,-0.674,-0.674,-0.674
0.164,-0.672,-0.672,-0.672,-0.672,-0.672,-0.672
0.165,-0.67,-0.67,-0.67,-0.67,-0.67,-0.67
0.166,-0.668,-0.668,-0.668,-0.668,-0.668,-0.668
0.167,-0.666,-0.666,-0.666,-0.666,-0.666,-0.666
0.168,-0.664,-0.664,-0.664,-0.664,-0.664,-0.664
0.169,-0.662,-0.662,-0.662,-0.662,-0.662,-0.662
0.17,-0.66,-0.66,-0.66,-0.66,-0.66,-0.66
0.171,-0.658,-0.658,-0.658,-0.658,-0.658,-0.658
0.172,-0.656,-0.656,-0.656,-0.656,-0.656,-0.656
0.173,-0.654,-0.654,-0.654,-0.654,-0.654,-0.654
0.174,-0.652,-0.652,-0.652,-0.652,-0.652,-0.652
0.175,-0.65,-0.65,-0.65,-0.65,-0.65,-0.65
0.176,-0.648,-0.648,-0.648,-0.648,-0.648,-0.648
0.177,-0.646,-0.646,-0.646,-0.646,-0.646,-0.646
0.178,-0.644,-0.644,-0.644,-0.644,-0.644,-0.644
0.179,-0.642,-0.642,-0.642,-0.642,-0.642,-0.642
0.18,-0.64,-0.64,-0.64,-0.64,-0.64,-0.64
0.181,-0.638,-0.638,-0.638,-0.638,-0.638,-0.638
0.182,-0.636,-0.636,-0.636,-0.636,-0.636,-0.636
0.183,-0.634,-0.634,-0.634,-0.634,-0.634,-0.634
0.184,-0.632,-0.632,-0.632,-0.632,-0.632,-0.632
0.185,-0.63,-0.63,-0.63,-0.63,-0.63,-0.63
0.186,-0.628,-0.628,-0.628,-0.628,-0.628,-0.628
0.187,-0.626,-0.626,-0.626,-0.626,-0.626,-0.626
0.188,-0.624,-0.624,-0.624,-0.624,-0.624,-0.624
0.189,-0.622,-0.622,-0.622,-0.622,-0.622,-0.622
0.19,-0.62,-0.62,-0.62,-0.62,-0.62,-0.62
0.191,-0.618,-0.618,-0.618,-0.618,-0.618,-0.618
0.192,-0.616,-0.616,-0.616,-0.616,-0.616,-0.616
0.193,-0.614,-0.614,-0.614,-0.614,-0.614,-0.614
0.194,-0.612,-0.612,-0.612,-0.612,-0.612,-0.612
0.195,-0.61,-0.61,-0.61,-0.61,-0.61,-0.61
0.196,-0.608,-0.608,-0.608,-0.608,-0.608,-0.608
0.197,-0.606,-0.606,-0.606,-0.606,-0.606,-0.606
0.198,-0.604,-0.604,-0.604,-0.604,-0.604,-0.604
0.199,-0.602,-0.602,-0.602,-0.602,-0.602,-0.602
0.2,-0.6,-0.6,-0.6,-0.6,-0.6,-0.6
0.201,-0.598,-0.598,-0.598,-0.598,-0.598,-0.598
0.202,-0.596,-0.596,-0.596,-0.596,-0.596,-0.596
0.203,-0.594,-0.594,-0.594,-0.594,-0.594,-0.594
0.204,-0.592,-0.592,-0.592,-0.592,-0.592,-0.592
0.205,-0.59,-0.59,-0.59,-0.59,-0.59,-0.59
0.206,-0.588,-0.588,-0.588,-0.588,-0.588,-0.588
0.207,-0.586,-0.586,-0.586,-0.586,-0.586,-0.586
0.208,-0.584,-0.584,-0.584,-0.584,-0.584,-0.584
0.209,-0.582,-0.582,-0.582,-0.582,-0.582,-0.582
0.21,-0.58,-0.58,-0.58,-0.58,-0.58,-0.58
0.211,-0.578,-0.578,-0.578,-0.578,-0.578,-0.578
0.212,-0.576,-0.576,-0.576,-0.576,-0.576,-0.576
0.213,-0.574,-0.574,-0.574,-0.574,-0.574,-0.574
0.214,-0.572,-0.572,-0.572,-0.572,-0.572,-0.572
0.215,-0.57,-0.57,-0.57,-0.57,-0.57,-0.57
0.216,-0.568,-0.568,-0.568,-0.568,-0.568,-0.568
0.217,-0.566,-0.566,-0.566,-0.566,-0.566,-0.566
0.218,-0.564,-0.564,-0.564,-0.564,-0.564,-0.564
0.219,-0.562,-0.562,-0.562,-0.562,-0.562,-0.562
0.22,-0.56,-0.56,-0.56,-0.56,-0.56,-0.56
0.221,-0.558,-0.558,-0.558,-0.558,-0.558,-0.558
0.222,-0.556,-0.556,-0.556,-0.556,-0.556,-0.556
0.223,-0.554,-0.554,-0.554,-0.554,-0.554,-0.554
0.224,-0.552,-0.552,-0.552,-0.552,-0.552,-0.552
0.225,-0.55,-0.55,-0.55,-0.55,-0.55,-0.55
0.226,-0.548,-0.548,-0.548,-0.548,-0.548,-0.548
0.227,-0.546,-0.546,-0.546,-0.546,-0.546,-0.546
0.228,-0.544,-0.544,-0.544,-0.544,-0.544,-0.544
0.229,-0.542,-0.542,-0.542,-0.542,-0.542,-0.542
0.23,-0.54,-0.54,-0.54,-0.54,-0.54,-0.54
0.231,-0.538,-0.538,-0.538,-0.538,-0.538,-0.538
0.232,-0.536,-0.536,-0.536,-0.536,-0.536,-0.536
0.233,-0.534,-0.534,-0.534,-0.534,-0.534,-0.534
0.234,-0.532,-0.532,-0.532,-0.532,-0.532,-0.532
0.235,-0.53,-0.53,-0.53,-0.53,-0.53,-0.53
0.236,-0.528,-0.528,-0.528,-0.528,-0.528,-0.528
0.237,-0.526,-0.526,-0.526,-0.526,-0.526,-0.526
0.238,-0.524,-0.524,-0.524,-0.524,-0.524,-0.524
0.239,-0.522,-0.522,-0.522,-0.522,-0.522,-0.522
0.24,-0.52,-0.52,-0.52,-0.52,-0.52,-0.52
0.241,-0.518,-0.518,-0.518,-0.518,-0.518,-0.518
0.242,-0.516,-0.516,-0.516,-0.516,-0.516,-0.516
0.243,-0.514,-0.514,-0.514,-0.514,-0.514,-0.514
0.244,-0.512,-0.512,-0.512,-0.512,-0.512,-0.512
0.245,-0.51,-0.51,-0.51,-0.51,-0.51,-0.51
0.246,-0.508,-0.508,-0.508,-0.508,-0.508,-0.508
0.247,-0.506,-0.506,-0.506,-0.506,-0.506,-0.506
0.248,-0.504,-0.504,-0.504,-0.504,-0.504,-0.504
0.249,-0.502,-0.502,-0.502,-0.502,-0.502,-0.502
0.25,-0.5,-0.5,-0.5,-0.5,-0.5,-0.5
0.251,-0.498,-0.498,-0.498,-0.498,-0.498,-0.498
0.252,-0.496,-0.496,-0.496,-0.496,-0.496,-0.496
0.253,-0.494,-0.494,-0.494,-0.494,-0.494,-0.494
0.254,-0.492,-0.492,-0.492,-0.492,-0.492,-0.492
0.255,-0.49,-0.49,-0.49,-0.49,-0.49,-0.49
0.256,-0.488,-0.488,-0.488,-0.488,-0.488,-0.488
0.257,-0.486,-0.486,-0.486,-0.486,-0.486,-0.486
0.258,-0.484,-0.484,-0.484,-0.484,-0.484,-0.484
0.259,-0.482,-0.482,-0.482,-0.482,-0.482,-0.482
0.26,-0.48,-0.48,-0.48,-0.48,-0.48,-0.48
0.261,-0.478,-0.478,-0.478,-0.478,-0.478,-0.478
0.262,-0.476,-0.476,-0.476,-0.476,-0.476,-0.476
0.263,-0.474,-0.474,-0.474,-0.474,-0.474,-0.474
0.264,-0.472,-0.472,-0.472,-0.472,-0.472,-0.472
0.265,-0.47,-0.47,-0.47,-0.47,-0.47,-0.47
0.266,-0.468,-0.468,-0.468,-0.468,-0.468,-0.468
0.267,-0.466,-0.466,-0.466,-0.466,-0.466,-0.466
0.268,-0.464,-0.464,-0.464,-0.464,-0.464,-0.464
0.269,-0.462,-0.462,-0.462,-0.462,-0.462,-0.462
0.27,-0.46,-0.46,-0.46,-0.46,-0.46,-0.46
0.271,-0.458,-0.458,-0.458,-0.458,-0.458,-0.458
0.272,-0.456,-0.456,-0.456,-0.456,-0.456,-0.456
0.273,-0.454,-0.454,-0.454,-0.454,-0.454,-0.454
0.274,-0.452,-0.452,-0.452,-0.452,-0.452,-0.452
0.275,-0.45,-0.45,-0.45,-0.45,-0.45,-0.45
0.276,-0.448,-0.448,-0.448,-0.448,-0.448,-0.448
0.277,-0.446,-0.446,-0.446,-0.446,-0.446,-0.446
0.278,-0.444,-0.444,-0.444,-0.444,-0.444,-0.444
0.279,-0.442,-0.442,-0.442,-0.442,-0.442,-0.442
0.28,-0.44,-0.44,-0.44,-0.44,-0.44,-0.44
0.281,-0.438,-0.438,-0.438,-0.438,-0.438,-0.438
0.282,-0.436,-0.436,-0.436,-0.436,-0.436,-0.436
0.283,-0.434,-0.434,-0.434,-0.434,-0.434,-0.434
0.284,-0.432,-0.432,-0.432,-0.432,-0.432,-0.432
0.285,-0.43,-0.43,-0.43,-0.43,-0.43,-0.43
0.286,-0.428,-0.428,-0.428,-0.428,-0.428,-0.428
0.287,-0.426,-0.426,-0.426,-0.426,-0.426,-0.426
0.288,-0.424,-0.424,-0.424,-0.424,-0.424,-0.424
0.289,-0.422,-0.422,-0.422,-0.422,-0.422,-0.422
0.29,-0.42,-0.42,-0.42,-0.42,-0.42,-0.42
0.291,-0.418,-0.418,-0.418,-0.418,-0.418,-0.418
0.292,-0.416,-0.416,-0.416,-0.416,-0.416,-0.416
0.293,-0.414,-0.414,-0.414,-0.414,-0.414,-0.414
0.294,-0.412,-0.412,-0.412,-0.412,-0.412,-0.412
0.295,-0.41,-0.41,-0.41,-0.41,-0.41,-0.41
0.296,-0.408,-0.408,-0.408,-0.408,-0.408,-0.408
0.297,-0.406,-0.406,-0.406,-0.406,-0.406,-0.406
0.298,-0.404,-0.404,-0.404,-0.404,-0.404,-0.404
0.299,-0.402,-0.402,-0.402,-0.402,-0.402,-0.402
0.3,-0.4,-0.4,-0.4,-0.4,-0.4,-0.4
0.301,-0.398,-0.398,-0.398,-0.398,-0.398,-0.398
0.302,-0.396,-0.396,-0.396,-0.396,-0.396,-0.396
0.303,-0.394,-0.394,-0.394,-0.394,-0.394,-0.394
0.304,-0.392,-0.392,-0.392,-0.392,-0.392,-0.392
0.305,-0.39,-0.39,-0.39,-0.39,-0.39,-0.39
0.306,-0.388,-0.388,-0.388,-0.388,-0.388,-0.388
0.307,-0.386,-0.386,-0.386,-0.386,-0.386,-0.386
0.308,-0.384,-0.384,-0.384,-0.384,-0.384,-0.384
0.309,-0.382,-0.382,-0.382,-0.382,-0.382,-0.382
0.31,-0.38,-0.38,-0.38,-0.38,-0.38,-0.38
0.311,-0.378,-0.378,-0.378,-0.378,-0.378,-0.378
0.312,-0.376,-0.376,-0.376,-0.376,-0.376,-0.376
0.313,-0.374,-0.374,-0.374,-0.374,-0.374,-0.374
0.314,-0.372,-0.372,-0.372,-0.372,-0.372,-0.372
0.315,-0.37,-0.37,-0.37,-0.37,-0.37,-0.37
0.316,-0.368,-0.368,-0.368,-0.368,-0.368,-0.368
0.317,-0.366,-0.366,-0.366,-0.366,-0.366,-0.366
0.318,-0.364,-0.364,-0.364,-0.364,-0.364,-0.364
0.319,-0.362,-0.362,-0.362,-0.362,-0.362,-0.362
0.32,-0.36,-0.36,-0.36,-0.36,-0.36,-0.36
0.321,-0.358,-0.358,-0.358,-0.358,-0.358,-0.358
0.322,-0.356,-0.356,-0.356,-0.356,-0.356,-0.356
0.323,-0.354,-0.354,-0.354,-0.354,-0.354,-0.354
0.324,-0.352,-0.352,-0.352,-0.352,-0.352,-0.352
0.325,-0.35,-0.35,-0.35,-0.35,-0.35,-0.35
0.326,-0.348,-0.348,-0.348,-0.348,-0.348,-0.348
0.327,-0.346,-0.346,-0.346,-0.346,-0.346,-0.346
0.328,-0.344,-0.344,-0.344,-0.344,-0.344,-0.344
0.329,-0.342,-0.342,-0.342,-0.342,-0.342,-0.342
0.33,-0.34,-0.34,-0.34,-0.34,-0.34,-0.34
0.331,-0.338,-0.338,-0.338,-0.338,-0.338,-0.338
0.332,-0.336,-0.336,-0.336,-0.336,-0.336,-0.336
0.333,-0.334,-0.334,-0.334,-0.334,-0.334,-0.334
0.334,-0.332,-0.332,-0.332,-0.332,-0.332,-0.332
0.335,-0.33,-0.33,-0.33,-0.33,-0.33,-0.33
0.336,-0.328,-0.328,-0.328,-0.328,-0.328,-0.328
0.337,-0.326,-0.326,-0.326,-0.326,-0.326,-0.326
0.338,-0.324,-0.324,-0.324,-0.324,-0.324,-0.324
0.339,-0.322,-0.322,-0.322,-0.322,-0.322,-0.322
0.34,-0.32,-0.32,-0.32,-0.32,-0.32,-0.32
0.341,-0.318,-0.318,-0.318,-0.318,-0.318,-0.318
0.342,-0.316,-0.316,-0.316,-0.316,-0.316,-0.316
0.343,-0.314,-0.314,-0.314,-0.314,-0.314,-0.314
0.344,-0.312,-0.312,-0.312,-0.312,-0.312,-0.312
0.345,-0.31,-0.31,-0.31,-0.31,-0.31,-0.31
0.346,-0.308,-0.308,-0.308,-0.308,-0.308,-0.308
0.347,-0.306,-0.306,-0.306,-0.306,-0.306,-0.306
0.348,-0.304,-0.304,-0.304,-0.304,-0.304,-0.304
0.349,-0.302,-0.302,-0.302,-0.302,-0.302,-0.302
0.35,-0.3,-0.3,-0.3,-0.3,-0.3,-0.3
0.351,-0.298,-0.298,-0.298,-0.298,-0.298,-0.298
0.352,-0.296,-0.296,-0.296,-0.296,-0.296,-0.296
0.353,-0.294,-0.294,-0.294,-0.294,-0.294,-0.294
0.354,-0.292,-0.292,-0.292,-0.292,-0.292,-0.292
0.355,-0.29,-0.29,-0.29,-0.29,-0.29,-0.29
0.356,-0.288,-0.288,-0.288,-0.288,-0.288,-0.288
0.357,-0.286,-0.286,-0.286,-0.286,-0.286,-0.286
0.358,-0.284,-0.284,-0.284,-0.284,-0.284,-0.284
0.359,-0.282,-0.282,-0.282,-0.282,-0.282,-0.282
0.36,-0.28,-0.28,-0.28,-0.28,-0.28,-0.28
0.361,-0.278,-0.278,-0.278,-0.278,-0.278,-0.278
0.362,-0.276,-0.276,-0.276,-0.276,-0.276,-0.276
0.363,-0.274,-0.274,-0.274,-0.274,-0.274,-0.274
0.364,-0.272,-0.272,-0.272,-0.272,-0.272,-0.272
0.365,-0.27,-0.27,-0.27,-0.27,-0.27,-0.27
0.366,-0.268,-0.268,-0.268,-0.268,-0.268,-0.268
0.367,-0.266,-0.266,-0.266,-0.266,-0.266,-0.266
0.368,-0.264,-0.264,-0.264,-0.264,-0.264,-0.264
0.369,-0.262,-0.262,-0.262,-0.262,-0.262,-0.262
0.37,-0.26,-0.26,-0.26,-0.26,-0.26,-0.26
0.371,-0.258,-0.258,-0.258,-0.258,-0.258,-0.258
0.372,-0.256,-0.256,-0.256,-0.256,-0.256,-0.256
0.373,-0.254,-0.254,-0.254,-0.254,-0.254,-0.254
0.374,-0.252,-0.252,-0.252,-0.252,-0.252,-0.252
0.375,-0.25,-0.25,-0.25,-0.25,-0.25,-0.25
0.376,-0.248,-0.248,-0.248,-0.248,-0.248,-0.248
0.377,-0.246,-0.246,-0.246,-0.246,-0.246,-0.246
0.378,-0.244,-0.244,-0.244,-0.244,-0.244,-0.244
0.379,-0.242,-0.242,-0.242,-0.242,-0.242,-0.242
0.38,-0.24,-0.24,-0.24,-0.24,-0.24,-0.24
0.381,-0.238,-0.238,-0.238,-0.238,-0.238,-0.238
0.382,-0.236,-0.236,-0.236,-0.236,-0.236,-0.236
0.383,-0.234,-0.234,-0.234,-0.234,-0.234,-0.234
0.384,-0.232,-0.232,-0.232,-0.232,-0.232,-0.232
0.385,-0.23,-0.23,-0.23,-0.23,-0.23,-0.23
0.386,-0.228,-0.228,-0.228,-0.228,-0.228,-0.228
0.387,-0.226,-0.226,-0.226,-0.226,-0.226,-0.226
0.388,-0.224,-0.224,-0.224,-0.224,-0.224,-0.224
0.389,-0.222,-0.222,-0.222,-0.222,-0.222,-0.222
0.39,-0.22,-0.22,-0.22,-0.22,-0.22,-0.22
0.391,-0.218,-0.218,-0.218,-0.218,-0.218,-0.218
0.392,-0.216,-0.216,-0.216,-0.216,-0.216,-0.216
0.393,-0.214,-0.214,-0.214,-0.214,-0.214,-0.214
0.394,-0.212,-0.212,-0.212,-0.212,-0.212,-0.212
0.395,-0.21,-0.21,-0.21,-0.21,-0.21,-0.21
0.396,-0.208,-0.208,-0.208,-0.208,-0.208,-0.208
0.397,-0.206,-0.206,-0.206,-0.206,-0.206,-0.206
0.398,-0.204,-0.204,-0.204,-0.204,-0.204,-0.204
0.399,-0.202,-0.202,-0.202,-0.202,-0.202,-0.202
0.4,-0.2,-0.2,-0.2,-0.2,-0.2,-0.2
0.401,-0.198,-0.198,-0.198,-0.198,-0.198,-0.198
0.402,-0.196,-0.196,-0.196,-0.196,-0.196,-0.196
0.403,-0.194,-0.194,-0.194,-0.194,-0.194,-0.194
0.404,-0.192,-0.192,-0.192,-0.192,-0.192,-0.192
0.405,-0.19,-0.19,-0.19,-0.19,-0.19,-0.19
0.406,-0.188,-0.188,-0.188,-0.188,-0.188,-0.188
0.407,-0.186,-0.186,-0.186,-0.186,-0.186,-0.186
0.408,-0.184,-0.184,-0.184,-0.184,-0.184,-0.184
0.409,-0.182,-0.182,-0.182,-0.182,-0.182,-0.182
0.41,-0.18,-0.18,-0.18,-0.18,-0.18,-0.18
0.411,-0.178,-0.178,-0.178,-0.178,-0.178,-0.178
0.412,-0.176,-0.176,-0.176,-0.176,-0.176,-0.176
0.413,-0.174,-0.174,-0.174,-0.174,-0.174,-0.174
0.414,-0.172,-0.172,-0.172,-0.172,-0.172,-0.172
0.415,-0.17,-0.17,-0.17,-0.17,-0.17,-0.17
0.416,-0.168,-0.168,-0.168,-0.168,-0.168,-0.168
0.417,-0.166,-0.166,-0.166,-0.166,-0.166,-0.166
0.418,-0.164,-0.164,-0.164,-0.164,-0.164,-0.164
0.419,-0.162,-0.162,-0.162,-0.162,-0.162,-0.162
0.42,-0.16,-0.16,-0.16,-0.16,-0.16,-0.16
0.421,-0.158,-0.158,-0.158,-0.158,-0.158,-0.158
0.422,-0.156,-0.156,-0.156,-0.156,-0.156,-0.156
0.423,-0.154,-0.154,-0.154,-0.154,-0.154,-0.154
0.424,-0.152,-0.152,-0.152,-0.152,-0.152,-0.152
0.425,-0.15,-0.15,-0.15,-0.15,-0.15,-0.15
0.426,-0.148,-0.148,-0.148,-0.148,-0.148,-0.148
0.427,-0.146,-0.146,-0.146,-0.146,-0.146,-0.146
0.428,-0.144,-0.144,-0.144,-0.144,-0.144,-0.144
0.429,-0.142,-0.142,-0.142,-0.142,-0.142,-0.142
0.43,-0.14,-0.14,-0.14,-0.14,-0.14,-0.14
0.431,-0.138,-0.138,-0.138,-0.138,-0.138,-0.138
0.432,-0.136,-0.136,-0.136,-0.136,-0.136,-0.136
0.433,-0.134,-0.134,-0.134,-0.134,-0.134,-0.134
0.434,-0.132,-0.132,-0.132,-0.132,-0.132,-0.132
0.435,-0.13,-0.13,-0.13,-0.13,-0.13,-0.13
0.436,-0.128,-0.128,-0.128,-0.128,-0.128,-0.128
0.437,-0.126,-0.126,-0.126,-0.126,-0.126,-0.126
0.438,-0.124,-0.124,-0.124,-0.124,-0.124,-0.124
0.439,-0.122,-0.122,-0.122,-0.122,-0.122,-0.122
0.44,-0.12,-0.12,-0.12,-0.12,-0.12,-0.12
0.441,-0.118,-0.118,-0.118,-0.118,-0.118,-0.118
0.442,-0.116,-0.116,-0.116,-0.116,-0.116,-0.116
0.443,-0.114,-0.114,-0.114,-0.114,-0.114,-0.114
0.444,-0.112,-0.112,-0.112,-0.112,-0.112,-0.112
0.445,-0.11,-0.11,-0.11,-0.11,-0.11,-0.11
0.446,-0.108,-0.108,-0.108,-0.108,-0.108,-0.108
0.447,-0.106,-0.106,-0.106,-0.106,-0.106,-0.106
0.448,-0.104,-0.104,-0.104,-0.104,-0.104,-0.104
0.449,-0.102,-0.102,-0.102,-0.102,-0.102,-0.102
0.45,-0.1,-0.1,-0.1,-0.1,-0.1,-0.1
0.451,-0.098,-0.098,-0.098,-0.098,-0.098,-0.098
0.452,-0.096,-0.096,-0.096,-0.096,-0.096,-0.096
0.453,-0.094,-0.094,-0.094,-0.094,-0.094,-0.094
0.454,-0.092,-0.092,-0.092,-0.092,-0.092,-0.092
0.455,-0.09,-0.09,-0.09,-0.09,-0.09,-0.09
0.456,-0.088,-0.088,-0.088,-0.088,-0.088,-0.088
0.457,-0.086,-0.086,-0.086,-0.086,-0.086,-0.086
0.458,-0.084,-0.084,-0.084,-0.084,-0.084,-0.084
0.459,-0.082,-0.082,-0.082,-0.082,-0.082,-0.082
0.46,-0.08,-0.08,-0.08,-0.08,-0.08,-0.08
0.461,-0.078,-0.078,-0.078,-0.078,-0.078,-0.078
0.462,-0.076,-0.076,-0.076,-0.076,-0.076,-0.076
0.463,-0.074,-0.074,-0.074,-0.074,-0.074,-0.074
0.464,-0.072,-0.072,-0.072,-0.072,-0.072,-0.072
0.465,-0.07,-0.07,-0.07,-0.07,-0.07,-0.07
0.466,-0.068,-0.068,-0.068,-0.0679999999999999,-0.0679999999999999,-0.0679999999999999
0.467,-0.066,-0.066,-0.066,-0.0659999999999999,-0.0659999999999999,-0.0659999999999999
0.468,-0.064,-0.064,-0.064,-0.0639999999999999,-0.0639999999999999,-0.0639999999999999
0.469,-0.062,-0.062,-0.062,-0.0620000000000001,-0.0620000000000001,-0.0620000000000001
0.47,-0.06,-0.06,-0.06,-0.0600000000000001,-0.0600000000000001,-0.0600000000000001
0.471,-0.058,-0.058,-0.058,-0.0580000000000001,-0.0580000000000001,-0.0580000000000001
0.472,-0.056,-0.056,-0.056,-0.0560000000000001,-0.0560000000000001,-0.0560000000000001
0.473,-0.054,-0.054,-0.054,-0.0540000000000001,-0.0540000000000001,-0.0540000000000001
0.474,-0.052,-0.052,-0.052,-0.052,-0.052,-0.052
0.475,-0.05,-0.05,-0.05,-0.05,-0.05,-0.05
0.476,-0.048,-0.048,-0.048,-0.048,-0.048,-0.048
0.477,-0.046,-0.046,-0.046,-0.046,-0.046,-0.046
0.478,-0.044,-0.044,-0.044,-0.044,-0.044,-0.044
0.479,-0.042,-0.042,-0.042,-0.042,-0.042,-0.042
0.48,-0.04,-0.04,-0.04,-0.04,-0.04,-0.04
0.481,-0.038,-0.038,-0.038,-0.038,-0.038,-0.038
0.482,-0.036,-0.036,-0.036,-0.036,-0.036,-0.036
0.483,-0.034,-0.034,-0.034,-0.034,-0.034,-0.034
0.484,-0.032,-0.032,-0.032,-0.032,-0.032,-0.032
0.485,-0.03,-0.03,-0.03,-0.03,-0.03,-0.03
0.486,-0.028,-0.028,-0.028,-0.028,-0.028,-0.028
0.487,-0.026,-0.026,-0.026,-0.026,-0.026,-0.026
0.488,-0.024,-0.024,-0.024,-0.024,-0.024,-0.024
0.489,-0.022,-0.022,-0.022,-0.022,-0.022,-0.022
0.49,-0.02,-0.02,-0.02,-0.02,-0.02,-0.02
0.491,-0.018,-0.018,-0.018,-0.018,-0.018,-0.018
0.492,-0.016,-0.016,-0.016,-0.016,-0.016,-0.016
0.493,-0.014,-0.014,-0.014,-0.014,-0.014,-0.014
0.494,-0.012,-0.012,-0.012,-0.012,-0.012,-0.012
0.495,-0.01,-0.01,-0.01,-0.01,-0.01,-0.01
0.496,-0.008,-0.008,-0.008,-0.00800000000000001,-0.00800000000000001,-0.00800000000000001
0.497,-0.006,-0.006,-0.006,-0.00600000000000001,-0.00600000000000001,-0.00600000000000001
0.498,-0.004,-0.004,-0.004,-0.004,-0.004,-0.004
0.499,-0.002,-0.002,-0.002,-0.002,-0.002,-0.002
0.5,1.2143E-17,1.2143E-17,1.2143E-17,0,0,0
0.501,0.002,0.002,0.002,0.002,0.002,0.002
0.502,0.004,0.004,0.004,0.004,0.004,0.004
0.503,0.006,0.006,0.006,0.00600000000000001,0.00600000000000001,0.00600000000000001
0.504,0.008,0.008,0.008,0.00800000000000001,0.00800000000000001,0.00800000000000001
0.505,0.01,0.01,0.01,0.01,0.01,0.01
0.506,0.012,0.012,0.012,0.012,0.012,0.012
0.507,0.014,0.014,0.014,0.014,0.014,0.014
0.508,0.016,0.016,0.016,0.016,0.016,0.016
0.509,0.018,0.018,0.018,0.018,0.018,0.018
0.51,0.02,0.02,0.02,0.02,0.02,0.02
0.511,0.022,0.022,0.022,0.022,0.022,0.022
0.512,0.024,0.024,0.024,0.024,0.024,0.024
0.513,0.026,0.026,0.026,0.026,0.026,0.026
0.514,0.028,0.028,0.028,0.028,0.028,0.028
0.515,0.03,0.03,0.03,0.03,0.03,0.03
0.516,0.032,0.032,0.032,0.032,0.032,0.032
0.517,0.034,0.034,0.034,0.034,0.034,0.034
0.518,0.036,0.036,0.036,0.036,0.036,0.036
0.519,0.038,0.038,0.038,0.038,0.038,0.038
0.52,0.04,0.04,0.04,0.04,0.04,0.04
0.521,0.042,0.042,0.042,0.042,0.042,0.042
0.522,0.044,0.044,0.044,0.044,0.044,0.044
0.523,0.046,0.046,0.046,0.046,0.046,0.046
0.524,0.048,0.048,0.048,0.048,0.048,0.048
0.525,0.05,0.05,0.05,0.05,0.05,0.05
0.526,0.052,0.052,0.052,0.052,0.052,0.052
0.527,0.054,0.054,0.054,0.0540000000000001,0.0540000000000001,0.0540000000000001
0.528,0.056,0.056,0.056,0.0560000000000001,0.0560000000000001,0.0560000000000001
0.529,0.058,0.058,0.058,0.0580000000000001,0.0580000000000001,0.0580000000000001
0.53,0.06,0.06,0.06,0.0600000000000001,0.0600000000000001,0.0600000000000001
0.531,0.062,0.062,0.062,0.0620000000000001,0.0620000000000001,0.0620000000000001
0.532,0.064,0.064,0.064,0.0640000000000001,0.0640000000000001,0.0640000000000001
0.533,0.066,0.066,0.066,0.0660000000000001,0.0660000000000001,0.0660000000000001
0.534,0.068,0.068,0.068,0.0680000000000001,0.0680000000000001,0.0680000000000001
0.535,0.07,0.07,0.07,0.0700000000000001,0.0700000000000001,0.0700000000000001
0.536,0.072,0.072,0.072,0.0720000000000001,0.0720000000000001,0.0720000000000001
0.537,0.074,0.074,0.074,0.0740000000000001,0.0740000000000001,0.0740000000000001
0.538,0.076,0.076,0.076,0.0760000000000001,0.0760000000000001,0.0760000000000001
0.539,0.078,0.078,0.078,0.0780000000000001,0.0780000000000001,0.0780000000000001
0.54,0.08,0.08,0.08,0.0800000000000001,0.0800000000000001,0.0800000000000001
0.541,0.082,0.082,0.082,0.0820000000000001,0.0820000000000001,0.0820000000000001
0.542,0.084,0.084,0.084,0.0840000000000001,0.0840000000000001,0.0840000000000001
0.543,0.086,0.086,0.086,0.0860000000000001,0.0860000000000001,0.0860000000000001
0.544,0.088,0.088,0.088,0.0880000000000001,0.0880000000000001,0.0880000000000001
0.545,0.09,0.09,0.09,0.0900000000000001,0.0900000000000001,0.0900000000000001
0.546,0.092,0.092,0.092,0.0920000000000001,0.0920000000000001,0.0920000000000001
0.547,0.094,0.094,0.094,0.0940000000000001,0.0940000000000001,0.0940000000000001
0.548,0.096,0.096,0.096,0.0960000000000001,0.0960000000000001,0.0960000000000001
0.549,0.098,0.098,0.098,0.0980000000000001,0.0980000000000001,0.0980000000000001
0.55,0.1,0.1,0.1,0.1,0.1,0.1
0.551,0.102,0.102,0.102,0.102,0.102,0.102
0.552,0.104,0.104,0.104,0.104,0.104,0.104
0.553,0.106,0.106,0.106,0.106,0.106,0.106
0.554,0.108,0.108,0.108,0.108,0.108,0.108
0.555,0.11,0.11,0.11,0.11,0.11,0.11
0.556,0.112,0.112,0.112,0.112,0.112,0.112
0.557,0.114,0.114,0.114,0.114,0.114,0.114
0.558,0.116,0.116,0.116,0.116,0.116,0.116
0.559,0.118,0.118,0.118,0.118,0.118,0.118
0.56,0.12,0.12,0.12,0.12,0.12,0.12
0.561,0.122,0.122,0.122,0.122,0.122,0.122
0.562,0.124,0.124,0.124,0.124,0.124,0.124
0.563,0.126,0.126,0.126,0.126,0.126,0.126
0.564,0.128,0.128,0.128,0.128,0.128,0.128
0.565,0.13,0.13,0.13,0.13,0.13,0.13
0.566,0.132,0.132,0.132,0.132,0.132,0.132
0.567,0.134,0.134,0.134,0.134,0.134,0.134
0.568,0.136,0.136,0.136,0.136,0.136,0.136
0.569,0.138,0.138,0.138,0.138,0.138,0.138
0.57,0.14,0.14,0.14,0.14,0.14,0.14
0.571,0.142,0.142,0.142,0.142,0.142,0.142
0.572,0.144,0.144,0.144,0.144,0.144,0.144
0.573,0.146,0.146,0.146,0.146,0.146,0.146
0.574,0.148,0.148,0.148,0.148,0.148,0.148
0.575,0.15,0.15,0.15,0.15,0.15,0.15
0.576,0.152,0.152,0.152,0.152,0.152,0.152
0.577,0.154,0.154,0.154,0.154,0.154,0.154
0.578,0.156,0.156,0.156,0.156,0.156,0.156
0.579,0.158,0.158,0.158,0.158,0.158,0.158
0.58,0.16,0.16,0.16,0.16,0.16,0.16
0.581,0.162,0.162,0.162,0.162,0.162,0.162
0.582,0.164,0.164,0.164,0.164,0.164,0.164
0.583,0.166,0.166,0.166,0.166,0.166,0.166
0.584,0.168,0.168,0.168,0.168,0.168,0.168
0.585,0.17,0.17,0.17,0.17,0.17,0.17
0.586,0.172,0.172,0.172,0.172,0.172,0.172
0.587,0.174,0.174,0.174,0.174,0.174,0.174
0.588,0.176,0.176,0.176,0.176,0.176,0.176
0.589,0.178,0.178,0.178,0.178,0.178,0.178
0.59,0.18,0.18,0.18,0.18,0.18,0.18
0.591,0.182,0.182,0.182,0.182,0.182,0.182
0.592,0.184,0.184,0.184,0.184,0.184,0.184
0.593,0.186,0.186,0.186,0.186,0.186,0.186
0.594,0.188,0.188,0.188,0.188,0.188,0.188
0.595,0.19,0.19,0.19,0.19,0.19,0.19
0.596,0.192,0.192,0.192,0.192,0.192,0.192
0.597,0.194,0.194,0.194,0.194,0.194,0.194
0.598,0.196,0.196,0.196,0.196,0.196,0.196
0.599,0.198,0.198,0.198,0.198,0.198,0.198
0.6,0.2,0.2,0.2,0.2,0.2,0.2
0.601,0.202,0.202,0.202,0.202,0.202,0.202
0.602,0.204,0.204,0.204,0.204,0.204,0.204
0.603,0.206,0.206,0.206,0.206,0.206,0.206
0.604,0.208,0.208,0.208,0.208,0.208,0.208
0.605,0.21,0.21,0.21,0.21,0.21,0.21
0.606,0.212,0.212,0.212,0.212,0.212,0.212
0.607,0.214,0.214,0.214,0.214,0.214,0.214
0.608,0.216,0.216,0.216,0.216,0.216,0.216
0.609,0.218,0.218,0.218,0.218,0.218,0.218
0.61,0.22,0.22,0.22,0.22,0.22,0.22
0.611,0.222,0.222,0.222,0.222,0.222,0.222
0.612,0.224,0.224,0.224,0.224,0.224,0.224
0.613,0.226,0.226,0.226,0.226,0.226,0.226
0.614,0.228,0.228,0.228,0.228,0.228,0.228
0.615,0.23,0.23,0.23,0.23,0.23,0.23
0.616,0.232,0.232,0.232,0.232,0.232,0.232
0.617,0.234,0.234,0.234,0.234,0.234,0.234
0.618,0.236,0.236,0.236,0.236,0.236,0.236
0.619,0.238,0.238,0.238,0.238,0.238,0.238
0.62,0.24,0.24,0.24,0.24,0.24,0.24
0.621,0.242,0.242,0.242,0.242,0.242,0.242
0.622,0.244,0.244,0.244,0.244,0.244,0.244
0.623,0.246,0.246,0.246,0.246,0.246,0.246
0.624,0.248,0.248,0.248,0.248,0.248,0.248
0.625,0.25,0.25,0.25,0.25,0.25,0.25
0.626,0.252,0.252,0.252,0.252,0.252,0.252
0.627,0.254,0.254,0.254,0.254,0.254,0.254
0.628,0.256,0.256,0.256,0.256,0.256,0.256
0.629,0.258,0.258,0.258,0.258,0.258,0.258
0.63,0.26,0.26,0.26,0.26,0.26,0.26
0.631,0.262,0.262,0.262,0.262,0.262,0.262
0.632,0.264,0.264,0.264,0.264,0.264,0.264
0.633,0.266,0.266,0.266,0.266,0.266,0.266
0.634,0.268,0.268,0.268,0.268,0.268,0.268
0.635,0.27,0.27,0.27,0.27,0.27,0.27
0.636,0.272,0.272,0.272,0.272,0.272,0.272
0.637,0.274,0.274,0.274,0.274,0.274,0.274
0.638,0.276,0.276,0.276,0.276,0.276,0.276
0.639,0.278,0.278,0.278,0.278,0.278,0.278
0.64,0.28,0.28,0.28,0.28,0.28,0.28
0.641,0.282,0.282,0.282,0.282,0.282,0.282
0.642,0.284,0.284,0.284,0.284,0.284,0.284
0.643,0.286,0.286,0.286,0.286,0.286,0.286
0.644,0.288,0.288,0.288,0.288,0.288,0.288
0.645,0.29,0.29,0.29,0.29,0.29,0.29
0.646,0.292,0.292,0.292,0.292,0.292,0.292
0.647,0.294,0.294,0.294,0.294,0.294,0.294
0.648,0.296,0.296,0.296,0.296,0.296,0.296
0.649,0.298,0.298,0.298,0.298,0.298,0.298
0.65,0.3,0.3,0.3,0.3,0.3,0.3
0.651,0.302,0.302,0.302,0.302,0.302,0.302
0.652,0.304,0.304,0.304,0.304,0.304,0.304
0.653,0.306,0.306,0.306,0.306,0.306,0.306
0.654,0.308,0.308,0.308,0.308,0.308,0.308
0.655,0.31,0.31,0.31,0.31,0.31,0.31
0.656,0.312,0.312,0.312,0.312,0.312,0.312
0.657,0.314,0.314,0.314,0.314,0.314,0.314
0.658,0.316,0.316,0.316,0.316,0.316,0.316
0.659,0.318,0.318,0.318,0.318,0.318,0.318
0.66,0.32,0.32,0.32,0.32,0.32,0.32
0.661,0.322,0.322,0.322,0.322,0.322,0.322
0.662,0.324,0.324,0.324,0.324,0.324,0.324
0.663,0.326,0.326,0.326,0.326,0.326,0.326
0.664,0.328,0.328,0.328,0.328,0.328,0.328
0.665,0.33,0.33,0.33,0.33,0.33,0.33
0.666,0.332,0.332,0.332,0.332,0.332,0.332
0.667,0.334,0.334,0.334,0.334,0.334,0.334
0.668,0.336,0.336,0.336,0.336,0.336,0.336
0.669,0.338,0.338,0.338,0.338,0.338,0.338
0.67,0.34,0.34,0.34,0.34,0.34,0.34
0.671,0.342,0.342,0.342,0.342,0.342,0.342
0.672,0.344,0.344,0.344,0.344,0.344,0.344
0.673,0.346,0.346,0.346,0.346,0.346,0.346
0.674,0.348,0.348,0.348,0.348,0.348,0.348
0.675,0.35,0.35,0.35,0.35,0.35,0.35
0.676,0.352,0.352,0.352,0.352,0.352,0.352
0.677,0.354,0.354,0.354,0.354,0.354,0.354
0.678,0.356,0.356,0.356,0.356,0.356,0.356
0.679,0.358,0.358,0.358,0.358,0.358,0.358
0.68,0.36,0.36,0.36,0.36,0.36,0.36
0.681,0.362,0.362,0.362,0.362,0.362,0.362
0.682,0.364,0.364,0.364,0.364,0.364,0.364
0.683,0.366,0.366,0.366,0.366,0.366,0.366
0.684,0.368,0.368,0.368,0.368,0.368,0.368
0.685,0.37,0.37,0.37,0.37,0.37,0.37
0.686,0.372,0.372,0.372,0.372,0.372,0.372
0.687,0.374,0.374,0.374,0.374,0.374,0.374
0.688,0.376,0.376,0.376,0.376,0.376,0.376
0.689,0.378,0.378,0.378,0.378,0.378,0.378
0.69,0.38,0.38,0.38,0.38,0.38,0.38
0.691,0.382,0.382,0.382,0.382,0.382,0.382
0.692,0.384,0.384,0.384,0.384,0.384,0.384
0.693,0.386,0.386,0.386,0.386,0.386,0.386
0.694,0.388,0.388,0.388,0.388,0.388,0.388
0.695,0.39,0.39,0.39,0.39,0.39,0.39
0.696,0.392,0.392,0.392,0.392,0.392,0.392
0.697,0.394,0.394,0.394,0.394,0.394,0.394
0.698,0.396,0.396,0.396,0.396,0.396,0.396
0.699,0.398,0.398,0.398,0.398,0.398,0.398
0.7,0.4,0.4,0.4,0.4,0.4,0.4
0.701,0.402,0.402,0.402,0.402,0.402,0.402
0.702,0.404,0.404,0.404,0.404,0.404,0.404
0.703,0.406,0.406,0.406,0.406,0.406,0.406
0.704,0.408,0.408,0.408,0.408,0.408,0.408
0.705,0.41,0.41,0.41,0.41,0.41,0.41
0.706,0.412,0.412,0.412,0.412,0.412,0.412
0.707,0.414,0.414,0.414,0.414,0.414,0.414
0.708,0.416,0.416,0.416,0.416,0.416,0.416
0.709,0.418,0.418,0.418,0.418,0.418,0.418
0.71,0.42,0.42,0.42,0.42,0.42,0.42
0.711,0.422,0.422,0.422,0.422,0.422,0.422
0.712,0.424,0.424,0.424,0.424,0.424,0.424
0.713,0.426,0.426,0.426,0.426,0.426,0.426
0.714,0.428,0.428,0.428,0.428,0.428,0.428
0.715,0.43,0.43,0.43,0.43,0.43,0.43
0.716,0.432,0.432,0.432,0.432,0.432,0.432
0.717,0.434,0.434,0.434,0.434,0.434,0.434
0.718,0.436,0.436,0.436,0.436,0.436,0.436
0.719,0.438,0.438,0.438,0.438,0.438,0.438
0.72,0.44,0.44,0.44,0.44,0.44,0.44
0.721,0.442,0.442,0.442,0.442,0.442,0.442
0.722,0.444,0.444,0.444,0.444,0.444,0.444
0.723,0.446,0.446,0.446,0.446,0.446,0.446
0.724,0.448,0.448,0.448,0.448,0.448,0.448
0.725,0.45,0.45,0.45,0.45,0.45,0.45
0.726,0.452,0.452,0.452,0.452,0.452,0.452
0.727,0.454,0.454,0.454,0.454,0.454,0.454
0.728,0.456,0.456,0.456,0.456,0.456,0.456
0.729,0.458,0.458,0.458,0.458,0.458,0.458
0.73,0.46,0.46,0.46,0.46,0.46,0.46
0.731,0.462,0.462,0.462,0.462,0.462,0.462
0.732,0.464,0.464,0.464,0.464,0.464,0.464
0.733,0.466,0.466,0.466,0.466,0.466,0.466
0.734,0.468,0.468,0.468,0.468,0.468,0.468
0.735,0.47,0.47,0.47,0.47,0.47,0.47
0.736,0.472,0.472,0.472,0.472,0.472,0.472
0.737,0.474,0.474,0.474,0.474,0.474,0.474
0.738,0.476,0.476,0.476,0.476,0.476,0.476
0.739,0.478,0.478,0.478,0.478,0.478,0.478
0.74,0.48,0.48,0.48,0.48,0.48,0.48
0.741,0.482,0.482,0.482,0.482,0.482,0.482
0.742,0.484,0.484,0.484,0.484,0.484,0.484
0.743,0.486,0.486,0.486,0.486,0.486,0.486
0.744,0.488,0.488,0.488,0.488,0.488,0.488
0.745,0.49,0.49,0.49,0.49,0.49,0.49
0.746,0.492,0.492,0.492,0.492,0.492,0.492
0.747,0.494,0.494,0.494,0.494,0.494,0.494
0.748,0.496,0.496,0.496,0.496,0.496,0.496
0.749,0.498,0.498,0.498,0.498,0.498,0.498
0.75,0.5,0.5,0.5,0.5,0.5,0.5
0.751,0.502,0.502,0.502,0.502,0.502,0.502
0.752,0.504,0.504,0.504,0.504,0.504,0.504
0.753,0.506,0.506,0.506,0.506,0.506,0.506
0.754,0.508,0.508,0.508,0.508,0.508,0.508
0.755,0.51,0.51,0.51,0.51,0.51,0.51
0.756,0.512,0.512,0.512,0.512,0.512,0.512
0.757,0.514,0.514,0.514,0.514,0.514,0.514
0.758,0.516,0.516,0.516,0.516,0.516,0.516
0.759,0.518,0.518,0.518,0.518,0.518,0.518
0.76,0.52,0.52,0.52,0.52,0.52,0.52
0.761,0.522,0.522,0.522,0.522,0.522,0.522
0.762,0.524,0.524,0.524,0.524,0.524,0.524
0.763,0.526,0.526,0.526,0.526,0.526,0.526
0.764,0.528,0.528,0.528,0.528,0.528,0.528
0.765,0.53,0.53,0.53,0.53,0.53,0.53
0.766,0.532,0.532,0.532,0.532,0.532,0.532
0.767,0.534,0.534,0.534,0.534,0.534,0.534
0.768,0.536,0.536,0.536,0.536,0.536,0.536
0.769,0.538,0.538,0.538,0.538,0.538,0.538
0.77,0.54,0.54,0.54,0.54,0.54,0.54
0.771,0.542,0.542,0.542,0.542,0.542,0.542
0.772,0.544,0.544,0.544,0.544,0.544,0.544
0.773,0.546,0.546,0.546,0.546,0.546,0.546
0.774,0.548,0.548,0.548,0.548,0.548,0.548
0.775,0.55,0.55,0.55,0.55,0.55,0.55
0.776,0.552,0.552,0.552,0.552,0.552,0.552
0.777,0.554,0.554,0.554,0.554,0.554,0.554
0.778,0.556,0.556,0.556,0.556,0.556,0.556
0.779,0.558,0.558,0.558,0.558,0.558,0.558
0.78,0.56,0.56,0.56,0.56,0.56,0.56
0.781,0.562,0.562,0.562,0.562,0.562,0.562
0.782,0.564,0.564,0.564,0.564,0.564,0.564
0.783,0.566,0.566,0.566,0.566,0.566,0.566
0.784,0.568,0.568,0.568,0.568,0.568,0.568
0.785,0.57,0.57,0.57,0.57,0.57,0.57
0.786,0.572,0.572,0.572,0.572,0.572,0.572
0.787,0.574,0.574,0.574,0.574,0.574,0.574
0.788,0.576,0.576,0.576,0.576,0.576,0.576
0.789,0.578,0.578,0.578,0.578,0.578,0.578
0.79,0.58,0.58,0.58,0.58,0.58,0.58
0.791,0.582,0.582,0.582,0.582,0.582,0.582
0.792,0.584,0.584,0.584,0.584,0.584,0.584
0.793,0.586,0.586,0.586,0.586,0.586,0.586
0.794,0.588,0.588,0.588,0.588,0.588,0.588
0.795,0.59,0.59,0.59,0.59,0.59,0.59
0.796,0.592,0.592,0.592,0.592,0.592,0.592
0.797,0.594,0.594,0.594,0.594,0.594,0.594
0.798,0.596,0.596,0.596,0.596,0.596,0.596
0.799,0.598,0.598,0.598,0.598,0.598,0.598
0.8,0.6,0.6,0.6,0.6,0.6,0.6
0.801,0.602,0.602,0.602,0.602,0.602,0.602
0.802,0.604,0.604,0.604,0.604,0.604,0.604
0.803,0.606,0.606,0.606,0.606,0.606,0.606
0.804,0.608,0.608,0.608,0.608,0.608,0.608
0.805,0.61,0.61,0.61,0.61,0.61,0.61
0.806,0.612,0.612,0.612,0.612,0.612,0.612
0.807,0.614,0.614,0.614,0.614,0.614,0.614
0.808,0.616,0.616,0.616,0.616,0.616,0.616
0.809,0.618,0.618,0.618,0.618,0.618,0.618
0.81,0.62,0.62,0.62,0.62,0.62,0.62
0.811,0.622,0.622,0.622,0.622,0.622,0.622
0.812,0.624,0.624,0.624,0.624,0.624,0.624
0.813,0.626,0.626,0.626,0.626,0.626,0.626
0.814,0.628,0.628,0.628,0.628,0.628,0.628
0.815,0.63,0.63,0.63,0.63,0.63,0.63
0.816,0.632,0.632,0.632,0.632,0.632,0.632
0.817,0.634,0.634,0.634,0.634,0.634,0.634
0.818,0.636,0.636,0.636,0.636,0.636,0.636
0.819,0.638,0.638,0.638,0.638,0.638,0.638
0.82,0.64,0.64,0.64,0.64,0.64,0.64
0.821,0.642,0.642,0.642,0.642,0.642,0.642
0.822,0.644,0.644,0.644,0.644,0.644,0.644
0.823,0.646,0.646,0.646,0.646,0.646,0.646
0.824,0.648,0.648,0.648,0.648,0.648,0.648
0.825,0.65,0.65,0.65,0.65,0.65,0.65
0.826,0.652,0.652,0.652,0.652,0.652,0.652
0.827,0.654,0.654,0.654,0.654,0.654,0.654
0.828,0.656,0.656,0.656,0.656,0.656,0.656
0.829,0.658,0.658,0.658,0.658,0.658,0.658
0.83,0.66,0.66,0.66,0.66,0.66,0.66
0.831,0.662,0.662,0.662,0.662,0.662,0.662
0.832,0.664,0.664,0.664,0.664,0.664,0.664
0.833,0.666,0.666,0.666,0.666,0.666,0.666
0.834,0.668,0.668,0.668,0.668,0.668,0.668
0.835,0.67,0.67,0.67,0.67,0.67,0.67
0.836,0.672,0.672,0.672,0.672,0.672,0.672
0.837,0.674,0.674,0.674,0.674,0.674,0.674
0.838,0.676,0.676,0.676,0.676,0.676,0.676
0.839,0.678,0.678,0.678,0.678,0.678,0.678
0.84,0.68,0.68,0.68,0.68,0.68,0.68
0.841,0.682,0.682,0.682,0.682,0.682,0.682
0.842,0.684,0.684,0.684,0.684,0.684,0.684
0.843,0.686,0.686,0.686,0.686,0.686,0.686
0.844,0.688,0.688,0.688,0.688,0.688,0.688
0.845,0.69,0.69,0.69,0.69,0.69,0.69
0.846,0.692,0.692,0.692,0.692,0.692,0.692
0.847,0.694,0.694,0.694,0.694,0.694,0.694
0.848,0.696,0.696,0.696,0.696,0.696,0.696
0.849,0.698,0.698,0.698,0.698,0.698,0.698
0.85,0.7,0.7,0.7,0.7,0.7,0.7
0.851,0.702,0.702,0.702,0.702,0.702,0.702
0.852,0.704,0.704,0.704,0.704,0.704,0.704
0.853,0.706,0.706,0.706,0.706,0.706,0.706
0.854,0.708,0.708,0.708,0.708,0.708,0.708
0.855,0.71,0.71,0.71,0.71,0.71,0.71
0.856,0.712,0.712,0.712,0.712,0.712,0.712
0.857,0.714,0.714,0.714,0.714,0.714,0.714
0.858,0.716,0.716,0.716,0.716,0.716,0.716
0.859,0.718,0.718,0.718,0.718,0.718,0.718
0.86,0.72,0.72,0.72,0.72,0.72,0.72
0.861,0.722,0.722,0.722,0.722,0.722,0.722
0.862,0.724,0.724,0.724,0.724,0.724,0.724
0.863,0.726,0.726,0.726,0.726,0.726,0.726
0.864,0.728,0.728,0.728,0.728,0.728,0.728
0.865,0.73,0.73,0.73,0.73,0.73,0.73
0.866,0.732,0.732,0.732,0.732,0.732,0.732
0.867,0.734,0.734,0.734,0.734,0.734,0.734
0.868,0.736,0.736,0.736,0.736,0.736,0.736
0.869,0.738,0.738,0.738,0.738,0.738,0.738
0.87,0.74,0.74,0.74,0.74,0.74,0.74
0.871,0.742,0.742,0.742,0.742,0.742,0.742
0.872,0.744,0.744,0.744,0.744,0.744,0.744
0.873,0.746,0.746,0.746,0.746,0.746,0.746
0.874,0.748,0.748,0.748,0.748,0.748,0.748
0.875,0.75,0.75,0.75,0.75,0.75,0.75
0.876,0.752,0.752,0.752,0.752,0.752,0.752
0.877,0.754,0.754,0.754,0.754,0.754,0.754
0.878,0.756,0.756,0.756,0.756,0.756,0.756
0.879,0.758,0.758,0.758,0.758,0.758,0.758
0.88,0.76,0.76,0.76,0.76,0.76,0.76
0.881,0.762,0.762,0.762,0.762,0.762,0.762
0.882,0.764,0.764,0.764,0.764,0.764,0.764
0.883,0.766,0.766,0.766,0.766,0.766,0.766
0.884,0.768,0.768,0.768,0.768,0.768,0.768
0.885,0.77,0.77,0.77,0.77,0.77,0.77
0.886,0.772,0.772,0.772,0.772,0.772,0.772
0.887,0.774,0.774,0.774,0.774,0.774,0.774
0.888,0.776,0.776,0.776,0.776,0.776,0.776
0.889,0.778,0.778,0.778,0.778,0.778,0.778
0.89,0.78,0.78,0.78,0.78,0.78,0.78
0.891,0.782,0.782,0.782,0.782,0.782,0.782
0.892,0.784,0.784,0.784,0.784,0.784,0.784
0.893,0.786,0.786,0.786,0.786,0.786,0.786
0.894,0.788,0.788,0.788,0.788,0.788,0.788
0.895,0.79,0.79,0.79,0.79,0.79,0.79
0.896,0.792,0.792,0.792,0.792,0.792,0.792
0.897,0.794,0.794,0.794,0.794,0.794,0.794
0.898,0.796,0.796,0.796,0.796,0.796,0.796
0.899,0.798,0.798,0.798,0.798,0.798,0.798
0.9,0.8,0.8,0.8,0.8,0.8,0.8
0.901,0.802,0.802,0.802,0.802,0.802,0.802
0.902,0.804,0.804,0.804,0.804,0.804,0.804
0.903,0.806,0.806,0.806,0.806,0.806,0.806
0.904,0.808,0.808,0.808,0.808,0.808,0.808
0.905,0.81,0.81,0.81,0.81,0.81,0.81
0.906,0.812,0.812,0.812,0.812,0.812,0.812
0.907,0.814,0.814,0.814,0.814,0.814,0.814
0.908,0.816,0.816,0.816,0.816,0.816,0.816
0.909,0.818,0.818,0.818,0.818,0.818,0.818
0.91,0.82,0.82,0.82,0.82,0.82,0.82
0.911,0.822,0.822,0.822,0.822,0.822,0.822
0.912,0.824,0.824,0.824,0.824,0.824,0.824
0.913,0.826,0.826,0.826,0.826,0.826,0.826
0.914,0.828,0.828,0.828,0.828,0.828,0.828
0.915,0.83,0.83,0.83,0.83,0.83,0.83
0.916,0.832,0.832,0.832,0.832,0.832,0.832
0.917,0.834,0.834,0.834,0.834,0.834,0.834
0.918,0.836,0.836,0.836,0.836,0.836,0.836
0.919,0.838,0.838,0.838,0.838,0.838,0.838
0.92,0.84,0.84,0.84,0.84,0.84,0.84
0.921,0.842,0.842,0.842,0.842,0.842,0.842
0.922,0.844,0.844,0.844,0.844,0.844,0.844
0.923,0.846,0.846,0.846,0.846,0.846,0.846
0.924,0.848,0.848,0.848,0.848,0.848,0.848
0.925,0.85,0.85,0.85,0.85,0.85,0.85
0.926,0.852,0.852,0.852,0.852,0.852,0.852
0.927,0.854,0.854,0.854,0.854,0.854,0.854
0.928,0.856,0.856,0.856,0.856,0.856,0.856
0.929,0.858,0.858,0.858,0.858,0.858,0.858
0.93,0.86,0.86,0.86,0.86,0.86,0.86
0.931,0.862,0.862,0.862,0.862,0.862,0.862
0.932,0.864,0.864,0.864,0.864,0.864,0.864
0.933,0.866,0.866,0.866,0.866,0.866,0.866
0.934,0.868,0.868,0.868,0.868,0.868,0.868
0.935,0.87,0.87,0.87,0.87,0.87,0.87
0.936,0.872,0.872,0.872,0.872,0.872,0.872
0.937,0.874,0.874,0.874,0.874,0.874,0.874
0.938,0.876,0.876,0.876,0.876,0.876,0.876
0.939,0.878,0.878,0.878,0.878,0.878,0.878
0.94,0.88,0.88,0.88,0.88,0.88,0.88
0.941,0.882,0.882,0.882,0.882,0.882,0.882
0.942,0.884,0.884,0.884,0.884,0.884,0.884
0.943,0.886,0.886,0.886,0.886,0.886,0.886
0.944,0.888,0.888,0.888,0.888,0.888,0.888
0.945,0.89,0.89,0.89,0.89,0.89,0.89
0.946,0.892,0.892,0.892,0.892,0.892,0.892
0.947,0.894,0.894,0.894,0.894,0.894,0.894
0.948,0.896,0.896,0.896,0.896,0.896,0.896
0.949,0.898,0.898,0.898,0.898,0.898,0.898
0.95,0.9,0.9,0.9,0.9,0.9,0.9
0.951,0.902,0.902,0.902,0.902,0.902,0.902
0.952,0.904,0.904,0.904,0.904,0.904,0.904
0.953,0.906,0.906,0.906,0.906,0.906,0.906
0.954,0.908,0.908,0.908,0.908,0.908,0.908
0.955,0.91,0.91,0.91,0.91,0.91,0.91
0.956,0.912,0.912,0.912,0.912,0.912,0.912
0.957,0.914,0.914,0.914,0.914,0.914,0.914
0.958,0.916,0.916,0.916,0.916,0.916,0.916
0.959,0.918,0.918,0.918,0.918,0.918,0.918
0.96,0.92,0.92,0.92,0.92,0.92,0.92
0.961,0.922,0.922,0.922,0.922,0.922,0.922
0.962,0.924,0.924,0.924,0.924,0.924,0.924
0.963,0.926,0.926,0.926,0.926,0.926,0.926
0.964,0.928,0.928,0.928,0.928,0.928,0.928
0.965,0.93,0.93,0.93,0.93,0.93,0.93
0.966,0.932,0.932,0.932,0.932,0.932,0.932
0.967,0.934,0.934,0.934,0.934,0.934,0.934
0.968,0.936,0.936,0.936,0.936,0.936,0.936
0.969,0.938,0.938,0.938,0.938,0.938,0.938
0.97,0.94,0.94,0.94,0.94,0.94,0.94
0.971,0.942,0.942,0.942,0.942,0.942,0.942
0.972,0.944,0.944,0.944,0.944,0.944,0.944
0.973,0.946,0.946,0.946,0.946,0.946,0.946
0.974,0.948,0.948,0.948,0.948,0.948,0.948
0.975,0.95,0.95,0.95,0.95,0.95,0.95
0.976,0.952,0.952,0.952,0.952,0.952,0.952
0.977,0.954,0.954,0.954,0.954,0.954,0.954
0.978,0.956,0.956,0.956,0.956,0.956,0.956
0.979,0.958,0.958,0.958,0.958,0.958,0.958
0.98,0.96,0.96,0.96,0.96,0.96,0.96
0.981,0.962,0.962,0.962,0.962,0.962,0.962
0.982,0.964,0.964,0.964,0.964,0.964,0.964
0.983,0.966,0.966,0.966,0.966,0.966,0.966
0.984,0.968,0.968,0.968,0.968,0.968,0.968
0.985,0.97,0.97,0.97,0.97,0.97,0.97
0.986,0.972,0.972,0.972,0.972,0.972,0.972
0.987,0.974,0.974,0.974,0.974,0.974,0.974
0.988,0.976,0.976,0.976,0.976,0.976,0.976
0.989,0.978,0.978,0.978,0.978,0.978,0.978
0.99,0.98,0.98,0.98,0.98,0.98,0.98
0.991,0.982,0.982,0.982,0.982,0.982,0.982
0.992,0.984,0.984,0.984,0.984,0.984,0.984
0.993,0.986,0.986,0.986,0.986,0.986,0.986
0.994,0.988,0.988,0.988,0.988,0.988,0.988
0.995,0.99,0.99,0.99,0.99,0.99,0.99
0.996,0.992,0.992,0.992,0.992,0.992,0.992
0.997,0.994,0.994,0.994,0.994,0.994,0.994
0.998,0.996,0.996,0.996,0.996,0.996,0.996
0.999,1,1,1,0.998,0.998,0.998
1,1,1,1,1,1,1
